"Genus"	"M"	"Q"	"D"	"MOTU"	"concor16S"	"concorALL"
"g__"	"g__"	NA	0.242458020489639	NA	NA	1	1
"g__28-4"	"g__28-4"	NA	NA	0.0261602624852506	NA	1	1
"g__Abiotrophia"	"g__Abiotrophia"	0.00195853036581612	0.00355859905622048	0.00222284570769884	1.432762e-05	3	4
"g__Acetanaerobacterium"	"g__Acetanaerobacterium"	0.00165652735767214	0.000891638382711898	0.0050424942013951	NA	3	3
"g__Acetatifactor"	"g__Acetatifactor"	0	NA	NA	NA	1	1
"g__Acetitomaculum"	"g__Acetitomaculum"	0.00373093859097309	0.00574532311419712	NA	NA	2	2
"g__Acetivibrio"	"g__Acetivibrio"	0.0226049002241025	1.99974103353616e-05	NA	NA	2	2
"g__Acetobacter"	"g__Acetobacter"	NA	NA	NA	0.000283977917777778	0	1
"g__Acetobacterium"	"g__Acetobacterium"	0	1.21256655474677e-05	NA	1.14950311111111e-05	2	3
"g__Acholeplasma"	"g__Acholeplasma"	0	NA	NA	NA	1	1
"g__Acidaminococcus"	"g__Acidaminococcus"	NA	0.330890808172981	0.402658977219906	0.00117093861333333	2	3
"g__Acidiphilium"	"g__Acidiphilium"	NA	NA	NA	9.52818e-06	0	1
"g__Acidovorax"	"g__Acidovorax"	NA	0.000492828294493371	0.000165945219823484	NA	2	2
"g__Acinetobacter"	"g__Acinetobacter"	0.000541719270480682	0.00415700859399265	0.00391066617980084	0.000446720882222222	3	4
"g__Actinobacillus"	"g__Actinobacillus"	NA	0.0346269702323282	0.000654210498770084	NA	2	2
"g__Actinobaculum"	"g__Actinobaculum"	NA	NA	NA	2.093284e-05	0	1
"g__Actinomyces"	"g__Actinomyces"	0.00648501413832266	0.0124323517251488	0.0101711176915678	0.0005177323	3	4
"g__Actinotignum"	"g__Actinotignum"	NA	6.58524017194062e-05	NA	NA	1	1
"g__Adhaeribacter"	"g__Adhaeribacter"	NA	0	NA	NA	1	1
"g__Adlercreutzia"	"g__Adlercreutzia"	NA	0.0002012357418359	6.86244156696991e-05	0.000889739417777778	2	3
"g__Aeribacillus"	"g__Aeribacillus"	NA	0	NA	NA	1	1
"g__Aeriscardovia"	"g__Aeriscardovia"	NA	9.38644559709996e-06	NA	NA	1	1
"g__Aerococcus"	"g__Aerococcus"	NA	8.21057786340238e-05	7.55847312618227e-05	NA	2	2
"g__Aeromonas"	"g__Aeromonas"	NA	0.000193650585976532	0.00013069742761323	NA	2	2
"g__Afipia"	"g__Afipia"	NA	0.00222835277431372	0.00118944626789814	NA	2	2
"g__Agathobacter"	"g__Agathobacter"	NA	NA	1.62676103652732	NA	1	1
"g__Aggregatibacter"	"g__Aggregatibacter"	NA	0.000241376180797667	8.20937181886842e-05	1.71103333333333e-06	2	3
"g__Agromyces"	"g__Agromyces"	NA	0	NA	NA	1	1
"g__Akkermansia"	"g__Akkermansia"	NA	1.05233610355351	0.884846643084551	0.00570861976	2	3
"g__Albidovulum"	"g__Albidovulum"	NA	0	NA	NA	1	1
"g__Alcaligenes"	"g__Alcaligenes"	0.000302055487593071	0.000646212160172156	0.000388338711232555	NA	3	3
"g__Alicycliphilus"	"g__Alicycliphilus"	NA	0	NA	NA	1	1
"g__Alishewanella"	"g__Alishewanella"	NA	8.96995938178142e-06	NA	NA	1	1
"g__Alistipes"	"g__Alistipes"	0.488595192064929	0.797134572298473	0.958778886311944	0.0182738492444444	3	4
"g__Alkalibacterium"	"g__Alkalibacterium"	NA	0	NA	NA	1	1
"g__Allisonella"	"g__Allisonella"	NA	0.00699580604319328	0.00517914020420135	NA	2	2
"g__Allobaculum"	"g__Allobaculum"	NA	0.00205101088200956	NA	NA	1	1
"g__Alloiococcus"	"g__Alloiococcus"	NA	0	NA	NA	1	1
"g__Alloprevotella"	"g__Alloprevotella"	0.210946445102847	0.242314244233665	0.231816464060895	NA	3	3
"g__Alloscardovia"	"g__Alloscardovia"	0	0.00596586384161948	0.00603315498623669	3.833772e-05	3	4
"g__alpha-proteobacterium"	"g__alpha-proteobacterium"	NA	0	NA	NA	1	1
"g__Altererythrobacter"	"g__Altererythrobacter"	NA	0.000639140591258617	NA	NA	1	1
"g__Amaricoccus"	"g__Amaricoccus"	NA	0	NA	NA	1	1
"g__Anaerobiospirillum"	"g__Anaerobiospirillum"	0.00300822965684696	0.00362992662362611	0.00274991677883433	0.00012311598	3	4
"g__Anaerococcus"	"g__Anaerococcus"	NA	0.00269622888497102	0.0021890977695619	5.59711555555556e-06	2	3
"g__Anaerofilum"	"g__Anaerofilum"	0.00781776076437243	0.00636846479486217	0.0465304062075823	NA	3	3
"g__Anaerofustis"	"g__Anaerofustis"	0.00026492683912874	0.0116023712058573	0.0123092239933861	6.53258444444444e-06	3	4
"g__Anaeroglobus"	"g__Anaeroglobus"	NA	8.34973923960067e-05	NA	NA	1	1
"g__Anaeromassilibacillus"	"g__Anaeromassilibacillus"	NA	NA	NA	0.000143868822222222	0	1
"g__Anaeroplasma"	"g__Anaeroplasma"	0.000229085627625893	NA	0.0869058225055723	NA	2	2
"g__Anaerosporobacter"	"g__Anaerosporobacter"	0.0283838392582421	0.000925531164713293	NA	NA	2	2
"g__Anaerostipes"	"g__Anaerostipes"	2.54279109906322	3.16872354100769	2.66200380644251	0.0179017319533333	3	4
"g__Anaerotruncus"	"g__Anaerotruncus"	0.386624054514154	0.403144496971561	0.0107179612808645	0.00074423944	3	4
"g__Anaerovibrio"	"g__Anaerovibrio"	NA	0	NA	NA	1	1
"g__Anaerovorax"	"g__Anaerovorax"	0.0026312955472535	NA	NA	NA	1	1
"g__Angelakisella"	"g__Angelakisella"	NA	NA	0.0205712878355365	NA	1	1
"g__Anoxybacillus"	"g__Anoxybacillus"	NA	6.06283277373387e-06	NA	NA	1	1
"g__Arabidopsis"	"g__Arabidopsis"	NA	0	NA	NA	1	1
"g__Arcobacter"	"g__Arcobacter"	NA	3.59708607251438e-05	4.56076212159358e-05	1.43378e-06	2	3
"g__Arsenophonus"	"g__Arsenophonus"	NA	0	NA	NA	1	1
"g__Artemisia"	"g__Artemisia"	NA	0	NA	NA	1	1
"g__Arthrobacter"	"g__Arthrobacter"	NA	7.14373851319318e-05	NA	NA	1	1
"g__Asaccharospora"	"g__Asaccharospora"	NA	0.000123009967221996	3.72103051899116e-05	NA	2	2
"g__Asteroleplasma"	"g__Asteroleplasma"	NA	0.000250341529752112	5.73582431989511e-05	NA	2	2
"g__Atlantibacter"	"g__Atlantibacter"	NA	NA	2.01492657607557e-05	NA	1	1
"g__Atopobium"	"g__Atopobium"	NA	0.00322609489974169	0.00296068369064027	4.58639333333333e-05	2	3
"g__Atopococcus"	"g__Atopococcus"	NA	0	NA	NA	1	1
"g__Azoarcus"	"g__Azoarcus"	NA	0	NA	NA	1	1
"g__Azorhizobium"	"g__Azorhizobium"	NA	0	NA	NA	1	1
"g__Azospirillum"	"g__Azospirillum"	NA	0	NA	0.00237356800888889	1	2
"g__Bacillus"	"g__Bacillus"	0	0.000949761262262854	0.000312372528174887	NA	3	3
"g__Bacteria gen. incertae sedis"	"g__Bacteria gen. incertae sedis"	NA	NA	NA	0.00706464384444444	0	1
"g__bacterium"	"g__bacterium"	NA	0.000309232366870684	NA	NA	1	1
"g__Bacteroidales gen. [C Bacteroides/Porphyromonas/Parabacteroides]"	"g__Bacteroidales gen. [C Bacteroides/Porphyromonas/Parabacteroides]"	NA	NA	NA	0.00711372337555556	0	1
"g__Bacteroides"	"g__Bacteroides"	4.95953305631753	8.82632705453184	9.0490867265646	0.109059026237778	3	4
"g__Barnesiella"	"g__Barnesiella"	0.0381926480648423	0.0143571779932197	0.0630877120684235	0.00346918842	3	4
"g__Bavariicoccus"	"g__Bavariicoccus"	NA	NA	NA	1.92177555555556e-06	0	1
"g__Bdellovibrio"	"g__Bdellovibrio"	NA	0	1.05576024107229e-05	NA	2	2
"g__Belnapia"	"g__Belnapia"	NA	6.49430773926653e-05	5.80668132589762e-05	NA	2	2
"g__Bergeriella"	"g__Bergeriella"	NA	0	NA	NA	1	1
"g__Bergeyella"	"g__Bergeyella"	NA	4.49842397890789e-05	2.9398232872222e-05	NA	2	2
"g__Bhargavaea"	"g__Bhargavaea"	NA	0	NA	NA	1	1
"g__Bibersteinia"	"g__Bibersteinia"	NA	0	NA	NA	1	1
"g__Bifidobacterium"	"g__Bifidobacterium"	0.981179457802287	1.43832638187965	1.35988964176783	0.0342316019066667	3	4
"g__Bilophila"	"g__Bilophila"	0.0471452208113567	0.069341959327435	0.0623227216393962	0.000694318593333333	3	4
"g__Blastocatella"	"g__Blastocatella"	0.000339126337883682	0.000500528019517663	0.000425641314528194	NA	3	3
"g__Blastococcus"	"g__Blastococcus"	NA	0.000153341371324647	NA	NA	1	1
"g__Blastocystis"	"g__Blastocystis"	NA	0	NA	NA	1	1
"g__Blastomonas"	"g__Blastomonas"	NA	0.0007180818914959	NA	NA	1	1
"g__Blautia"	"g__Blautia"	6.21070156900479	10.3721122003447	9.97953979487173	0.0504097886822222	3	4
"g__Bosea"	"g__Bosea"	NA	1.94829232177996e-05	NA	NA	1	1
"g__Brachybacterium"	"g__Brachybacterium"	NA	0.00036804022158843	0.000126691228928675	NA	2	2
"g__Brachyspira"	"g__Brachyspira"	NA	7.25538294999518e-06	1.63880694854146e-05	0.000163554086666667	2	3
"g__Bradyrhizobium"	"g__Bradyrhizobium"	0.000966279039161127	0.00182254542795996	0.00163694987092882	NA	3	3
"g__Brevibacillus"	"g__Brevibacillus"	0	0.000753111367091648	0.000472709579474071	NA	3	3
"g__Brevibacterium"	"g__Brevibacterium"	0.00128383542198822	0.00163650509946974	0.00139888231942079	1.36755377777778e-05	3	4
"g__Brevundimonas"	"g__Brevundimonas"	0	2.85423561429573e-05	NA	NA	2	2
"g__Brochothrix"	"g__Brochothrix"	NA	3.05794363366449e-05	NA	NA	1	1
"g__Budvicia"	"g__Budvicia"	NA	0	NA	NA	1	1
"g__Bulleidia"	"g__Bulleidia"	NA	0.000470558160324086	0.000305194380858845	8.97472222222222e-06	2	3
"g__Burkholderia"	"g__Burkholderia"	NA	3.63769966424031e-05	2.434071648116e-05	NA	2	2
"g__Buttiauxella"	"g__Buttiauxella"	NA	6.49430773926653e-06	NA	NA	1	1
"g__Butyricicoccus"	"g__Butyricicoccus"	NA	0.00376295164357175	0.202542378361015	0.00224810888444444	2	3
"g__Butyricimonas"	"g__Butyricimonas"	NA	0.0499215089781193	0.0352763630718902	2.31794666666667e-06	2	3
"g__Butyrivibrio"	"g__Butyrivibrio"	0.0807184574798815	0.831679186406703	0.51834568769126	0.0138016823888889	3	4
"g__CAG-352"	"g__CAG-352"	NA	NA	0.207002672384469	NA	1	1
"g__CAG-56"	"g__CAG-56"	NA	NA	0.118337730438074	NA	1	1
"g__CAG-873"	"g__CAG-873"	NA	NA	0.00193646307635945	NA	1	1
"g__Caldicoprobacter"	"g__Caldicoprobacter"	NA	0.000186153609263121	NA	NA	1	1
"g__Caloramator"	"g__Caloramator"	NA	0	NA	NA	1	1
"g__Campylobacter"	"g__Campylobacter"	0	0.000184796683081359	0.00016638677635695	5.60437333333333e-06	3	4
"g__Candidatus"	"g__Candidatus"	NA	0.00897712627776749	NA	NA	1	1
"g__candidatus Methanomethylophilus"	"g__candidatus Methanomethylophilus"	NA	NA	NA	1.21456711111111e-05	0	1
"g__Candidatus_Soleaferrea"	"g__Candidatus_Soleaferrea"	0.00280643336055607	NA	0.009866635434264	NA	2	2
"g__Candidatus_Stoquefichus"	"g__Candidatus_Stoquefichus"	NA	NA	0.000172959731367276	NA	1	1
"g__Capnocytophaga"	"g__Capnocytophaga"	NA	2.06896905486128e-05	NA	NA	1	1
"g__Caproiciproducens"	"g__Caproiciproducens"	0.0391819768985939	NA	0.0107638392774584	NA	2	2
"g__Cardiobacterium"	"g__Cardiobacterium"	NA	6.7103261992073e-05	NA	NA	1	1
"g__Carica"	"g__Carica"	NA	0.000189593809340446	NA	NA	1	1
"g__Carnobacterium"	"g__Carnobacterium"	0	6.49430773926653e-06	NA	4.32996666666667e-06	2	3
"g__Caryophanon"	"g__Caryophanon"	NA	2.50363026388262e-05	NA	NA	1	1
"g__Catabacter"	"g__Catabacter"	NA	0.00480484674643657	0.00404922404107361	NA	2	2
"g__Catenibacterium"	"g__Catenibacterium"	0.000800070420144061	0.269921409349184	0.216804895555304	NA	3	3
"g__Catenisphaera"	"g__Catenisphaera"	0.0697221183831257	NA	0.125886815818657	NA	2	2
"g__Caulobacter"	"g__Caulobacter"	0.000558178996840707	0.00899110138936066	0.00856369258690169	NA	3	3
"g__Cedecea"	"g__Cedecea"	0.000891204525083656	0	NA	NA	2	2
"g__Cellulosilyticum"	"g__Cellulosilyticum"	0.00328836824178099	0.00358347842739988	0.00379695130278655	NA	3	3
"g__CENA359"	"g__CENA359"	NA	NA	0.00021643084941982	NA	1	1
"g__Centipeda"	"g__Centipeda"	NA	0	NA	NA	1	1
"g__Cerasicoccus"	"g__Cerasicoccus"	0.00127772522033499	NA	NA	NA	1	1
"g__Cetobacterium"	"g__Cetobacterium"	NA	7.70107507007978e-06	NA	NA	1	1
"g__CHKCI002"	"g__CHKCI002"	NA	NA	0.000161194126086045	NA	1	1
"g__Chlorochromatium"	"g__Chlorochromatium"	NA	3.79119406544912e-05	NA	NA	1	1
"g__Christensenella"	"g__Christensenella"	0.004296725586551	0.00267416778024688	0.89175412014778	NA	3	3
"g__Christensenellaceae"	"g__Christensenellaceae"	NA	1.38227222072125	NA	NA	1	1
"g__Chroococcidiopsis"	"g__Chroococcidiopsis"	NA	0.00234200790535942	0.0019159323890477	NA	2	2
"g__Chryseobacterium"	"g__Chryseobacterium"	NA	0.000154609038825204	0.000136817996728556	NA	2	2
"g__Chryseomicrobium"	"g__Chryseomicrobium"	NA	0	NA	NA	1	1
"g__Chungangia"	"g__Chungangia"	NA	0	NA	NA	1	1
"g__Citreicella"	"g__Citreicella"	NA	1.42891113739338e-05	NA	NA	1	1
"g__Citrobacter"	"g__Citrobacter"	0.0160802090654136	4.30538753192678e-05	0.0132205439340599	0.000232378913333333	3	4
"g__Clavibacter"	"g__Clavibacter"	NA	0	NA	NA	1	1
"g__Cloacibacillus"	"g__Cloacibacillus"	0.0429676973560074	0.0669459529461501	0.0450205426816684	NA	3	3
"g__Cloacibacterium"	"g__Cloacibacterium"	NA	0.000144086860169836	0.0032440160399762	NA	2	2
"g__Clostridiales"	"g__Clostridiales"	NA	NA	NA	0.00390073066222222	0	1
"g__Clostridiales Family XIII"	"g__Clostridiales Family XIII"	NA	NA	NA	0.000117264846666667	0	1
"g__Clostridiales-bacterium"	"g__Clostridiales-bacterium"	NA	8.96995938178142e-06	NA	NA	1	1
"g__Clostridium"	"g__Clostridium"	0.28720338444714	0.535856191477044	0.489409554651988	0.0750276138177778	3	4
"g__Collimonas"	"g__Collimonas"	NA	0	NA	NA	1	1
"g__Collinsella"	"g__Collinsella"	NA	0.000101047874090834	9.94396621467064e-05	0.00704743426222222	2	3
"g__Comamonas"	"g__Comamonas"	NA	0.00234044954641946	0.000271901132231724	NA	2	2
"g__Conchiformibius"	"g__Conchiformibius"	NA	0	7.55847312618227e-05	NA	2	2
"g__Coprobacillus"	"g__Coprobacillus"	NA	0.00334171702290226	0.00347286385528766	0.000874101068888889	2	3
"g__Coprobacter"	"g__Coprobacter"	0.0253045845960691	0.0308283802122629	0.038282907254865	NA	3	3
"g__Coprococcus"	"g__Coprococcus"	0.850286344848342	0.706623012325547	1.91739102814315	0.0151908264111111	3	4
"g__Coraliomargarita"	"g__Coraliomargarita"	NA	NA	NA	8.04070488888889e-05	0	1
"g__Corallococcus"	"g__Corallococcus"	NA	NA	NA	5.06089777777778e-06	0	1
"g__Coriobacteriaceae"	"g__Coriobacteriaceae"	NA	NA	NA	2.87995e-05	0	1
"g__Coriobacteriaceae_UCG"	"g__Coriobacteriaceae_UCG"	NA	0.000605565662068227	0.000126889865940857	NA	2	2
"g__Corynebacterium"	"g__Corynebacterium"	0.00182242012517157	0.0121588150585542	0.00936181750041109	5.41832755555556e-05	3	4
"g__Cronobacter"	"g__Cronobacter"	0.00768204622456746	0.0134735876660745	NA	NA	2	2
"g__Cryptobacterium"	"g__Cryptobacterium"	NA	NA	NA	1.38477777777778e-06	0	1
"g__Cuneatibacter"	"g__Cuneatibacter"	NA	NA	0.000756046834909605	NA	1	1
"g__Curtobacterium"	"g__Curtobacterium"	NA	0	NA	NA	1	1
"g__Defluviimonas"	"g__Defluviimonas"	NA	2.05161835378815	NA	NA	1	1
"g__Defluviitaleaceae"	"g__Defluviitaleaceae"	NA	0.0382807311466006	0.020620214671956	NA	2	2
"g__Delftia"	"g__Delftia"	NA	0.000193513556135717	0.000167731763364028	NA	2	2
"g__Dermacoccus"	"g__Dermacoccus"	NA	0	NA	NA	1	1
"g__Desulfitibacter"	"g__Desulfitibacter"	NA	0	NA	NA	1	1
"g__Desulfotomaculum"	"g__Desulfotomaculum"	0	0	NA	NA	2	2
"g__Desulfovibrio"	"g__Desulfovibrio"	0.264289179506196	0.313154045717851	0.266145889214827	0.00112751085333333	3	4
"g__Desulfurispora"	"g__Desulfurispora"	NA	0	NA	NA	1	1
"g__Dialister"	"g__Dialister"	NA	0.599975958599243	0.572789933947586	0.00608107491555556	2	3
"g__Dielma"	"g__Dielma"	0.00158817106642366	0.00147219647151834	0.00255016781870972	7.22670844444444e-05	3	4
"g__Dolosigranulum"	"g__Dolosigranulum"	NA	0	NA	NA	1	1
"g__Domibacillus"	"g__Domibacillus"	NA	0	NA	NA	1	1
"g__Donghicola"	"g__Donghicola"	NA	0	NA	NA	1	1
"g__Dorea"	"g__Dorea"	0.423002852487982	1.08757188751369	1.3719573444519	0.0112111786844444	3	4
"g__DTU089"	"g__DTU089"	NA	NA	0.00830811535884537	NA	1	1
"g__Dyadobacter"	"g__Dyadobacter"	NA	0	NA	NA	1	1
"g__Dysgonomonas"	"g__Dysgonomonas"	0	9.30004382645653e-05	8.45405012406318e-05	NA	3	3
"g__Eggerthella"	"g__Eggerthella"	NA	0.00101750774466781	0.000628580149059053	0.00492119664222222	2	3
"g__Eggerthia"	"g__Eggerthia"	NA	0	NA	NA	1	1
"g__Eikenella"	"g__Eikenella"	NA	9.38351755817413e-05	8.44608192857836e-05	NA	2	2
"g__Eisenbergiella"	"g__Eisenbergiella"	0.0309189754055224	0.00710411901025662	0.0490665058484976	NA	3	3
"g__Elusimicrobium"	"g__Elusimicrobium"	0	0.000472604479622656	0.000536122539361518	8.62629266666667e-05	3	4
"g__Emticicia"	"g__Emticicia"	0	NA	NA	NA	1	1
"g__Enhydrobacter"	"g__Enhydrobacter"	NA	NA	0.000360583470867752	NA	1	1
"g__Enorma"	"g__Enorma"	NA	NA	NA	0.000660891464444444	0	1
"g__Enterobacter"	"g__Enterobacter"	0.00163367810100087	0.579923733253755	NA	8.11948333333333e-05	2	3
"g__Enterobacteriaceae"	"g__Enterobacteriaceae"	NA	NA	NA	0.00718484227333333	0	1
"g__Enterococcus"	"g__Enterococcus"	0.00103143621487729	0.219239753420287	0.165212673067476	0.00256914365333333	3	4
"g__Enterorhabdus"	"g__Enterorhabdus"	NA	0.000481971885675101	0.000592152707723998	1.52769933333333e-05	2	3
"g__Epulopiscium"	"g__Epulopiscium"	NA	0.0353681639144193	0.0330702857950098	NA	2	2
"g__Erwinia"	"g__Erwinia"	NA	0.00256034583090273	NA	NA	1	1
"g__Erysipelatoclostridium"	"g__Erysipelatoclostridium"	0.014426220100638	0.0563896347213383	0.0576728447953674	0.000515398124444444	3	4
"g__Erysipelotrichaceae"	"g__Erysipelotrichaceae"	NA	1.12342702213765	0.93790512470826	0.000905338931111111	2	3
"g__Escherichia"	"g__Escherichia"	0.00516774545198575	0.10389442237632	0.969224198299327	1.601346e-05	3	4
"g__Ethanoligenens"	"g__Ethanoligenens"	3.51401706266124e-06	0	NA	NA	2	2
"g__Eubacterium"	"g__Eubacterium"	0.00384426675802181	5.20586932817722	0.0202204020326283	0.0529327691488889	3	4
"g__Eutrema"	"g__Eutrema"	NA	0.000119984462012169	NA	NA	1	1
"g__Ewingella"	"g__Ewingella"	NA	0	NA	NA	1	1
"g__Exiguobacterium"	"g__Exiguobacterium"	NA	0.000117054238795355	NA	NA	1	1
"g__Extensimonas"	"g__Extensimonas"	NA	1.98125234629956e-05	1.3117136686467e-05	NA	2	2
"g__Ezakiella"	"g__Ezakiella"	NA	0.00122507411317283	0.00122526965292523	NA	2	2
"g__F0332"	"g__F0332"	NA	NA	4.49922703279576e-05	NA	1	1
"g__Facklamia"	"g__Facklamia"	NA	4.60352227923724e-05	NA	NA	1	1
"g__Faecalibacterium"	"g__Faecalibacterium"	2.80653477746175	5.51292013442708	4.50875168021097	0.0366746721333333	3	4
"g__Faecalicoccus"	"g__Faecalicoccus"	0.00272534036766723	0.000937639756273462	0.000779429503193075	7.40211088888889e-05	3	4
"g__Faecalitalea"	"g__Faecalitalea"	0.00549401979965125	0.00904170593679702	0.0160465923763721	0.000610177342222222	3	4
"g__Falsirhodobacter"	"g__Falsirhodobacter"	NA	0.00134095069679756	NA	NA	1	1
"g__Family"	"g__Family"	NA	0.276764257365428	NA	NA	1	1
"g__Family_XIII_AD3011_group"	"g__Family_XIII_AD3011_group"	NA	NA	0.239842734026155	NA	1	1
"g__Family_XIII_UCG-001"	"g__Family_XIII_UCG-001"	NA	NA	0.0440741146997665	NA	1	1
"g__Fastidiosipila"	"g__Fastidiosipila"	0	8.94481586328749e-05	NA	NA	2	2
"g__Fenollaria"	"g__Fenollaria"	NA	NA	NA	1.35426e-06	0	1
"g__Fibrobacter"	"g__Fibrobacter"	NA	0	NA	NA	1	1
"g__Filifactor"	"g__Filifactor"	0	0.000177039875576376	0.00011355945291598	NA	3	3
"g__Finegoldia"	"g__Finegoldia"	NA	0.000986646696422098	0.000889651989055294	5.19704e-06	2	3
"g__Firmicutes"	"g__Firmicutes"	NA	NA	NA	3.48396222222222e-06	0	1
"g__Flavisolibacter"	"g__Flavisolibacter"	NA	NA	0.000190036843393013	NA	1	1
"g__Flavobacterium"	"g__Flavobacterium"	NA	0.00112927641066083	NA	NA	1	1
"g__Flavonifractor"	"g__Flavonifractor"	NA	0.0517218244974227	0.0721640278615029	0.000590794491111111	2	3
"g__Fluviicola"	"g__Fluviicola"	NA	0	NA	NA	1	1
"g__Fournierella"	"g__Fournierella"	NA	NA	0.0330495379072404	NA	1	1
"g__Fretibacterium"	"g__Fretibacterium"	0	0.000240259694410462	0.000213523159700078	NA	3	3
"g__Frigoribacterium"	"g__Frigoribacterium"	NA	1.29886154785331e-05	NA	NA	1	1
"g__Fructobacillus"	"g__Fructobacillus"	NA	0.000150414669257262	0.000164860159945266	NA	2	2
"g__Fusicatenibacter"	"g__Fusicatenibacter"	0.651017772701139	0.877827442026877	0.667003480103922	NA	3	3
"g__Fusobacterium"	"g__Fusobacterium"	0.0733493041028901	0.13630704285862	0.122744038034738	0.000228643171111111	3	4
"g__Gallicola"	"g__Gallicola"	NA	0	NA	NA	1	1
"g__Gardnerella"	"g__Gardnerella"	NA	0.0033242714796863	0.000126691228928675	4.16074e-06	2	3
"g__GCA-900066225"	"g__GCA-900066225"	NA	NA	0.0377909700230747	NA	1	1
"g__GCA-900066575"	"g__GCA-900066575"	NA	NA	0.0478767277435918	NA	1	1
"g__GCA-900066755"	"g__GCA-900066755"	NA	NA	0.00228562225894099	NA	1	1
"g__Gelria"	"g__Gelria"	0.000737589645245262	0.00190711395040712	NA	NA	2	2
"g__Gemella"	"g__Gemella"	NA	0.0284403856050654	0.025913146553141	0.00015712868	2	3
"g__Geminicoccus"	"g__Geminicoccus"	NA	1.11521510268901e-05	NA	NA	1	1
"g__Gemmobacter"	"g__Gemmobacter"	NA	0.00108120081768174	NA	NA	1	1
"g__Geobacillus"	"g__Geobacillus"	NA	0	NA	NA	1	1
"g__Geodermatophilus"	"g__Geodermatophilus"	NA	0.00823992072108795	0.00717164336220794	NA	2	2
"g__Georgenia"	"g__Georgenia"	NA	5.86469847385884e-06	NA	NA	1	1
"g__Glutamicibacter"	"g__Glutamicibacter"	0.000681717506794073	NA	NA	NA	1	1
"g__Gordonibacter"	"g__Gordonibacter"	NA	0.00137321185001355	0.0009168179191915	NA	2	2
"g__Granulicatella"	"g__Granulicatella"	0	0.000106122501297635	0.011558025458159	6.22113e-05	3	4
"g__Haemophilus"	"g__Haemophilus"	0.0018274489526872	0.00393930927010471	0.0334914345478813	0.000221298893333333	3	4
"g__Hafnia"	"g__Hafnia"	NA	8.43941702487648e-05	NA	0.000409008086666667	1	2
"g__Hafnia-Obesumbacterium"	"g__Hafnia-Obesumbacterium"	NA	NA	0.0491336551265515	NA	1	1
"g__Harryflintia"	"g__Harryflintia"	NA	NA	0.00144155594217175	NA	1	1
"g__Hedyosmum"	"g__Hedyosmum"	NA	0.000100145210555305	NA	NA	1	1
"g__Helcococcus"	"g__Helcococcus"	NA	0	NA	NA	1	1
"g__Helicobacter"	"g__Helicobacter"	NA	NA	NA	0	0	1
"g__Herbaspirillum"	"g__Herbaspirillum"	NA	5.21407710014811e-05	NA	NA	1	1
"g__Herbinix"	"g__Herbinix"	NA	NA	0.00456133918715328	NA	1	1
"g__Hespellia"	"g__Hespellia"	NA	4.99308457785967e-06	NA	NA	1	1
"g__Holdemanella"	"g__Holdemanella"	0.140463999620915	0.179467364808924	0.261999459176918	0.00414947768666667	3	4
"g__Holdemania"	"g__Holdemania"	0.00473243702290164	0.00873141627116234	0.008459413833961	0.000181178817777778	3	4
"g__Howardella"	"g__Howardella"	NA	0.0481229839734297	0.0622635110195936	NA	2	2
"g__Hungatella"	"g__Hungatella"	NA	0.0112755167128923	0.00711187894100811	3.38992577777778e-05	2	3
"g__Hydrogenoanaerobacterium"	"g__Hydrogenoanaerobacterium"	NA	0.00250416957727868	0.00263228317637943	NA	2	2
"g__Hymenobacter"	"g__Hymenobacter"	NA	0.00043307437348218	0.000439939374437162	NA	2	2
"g__Hyphomicrobium"	"g__Hyphomicrobium"	NA	0	NA	NA	1	1
"g__Ideonella"	"g__Ideonella"	NA	6.71942613067768e-05	NA	NA	1	1
"g__Incertae"	"g__Incertae"	NA	1.63702108554552	NA	NA	1	1
"g__Intestinibacter"	"g__Intestinibacter"	0.000222222554443106	0.0229464891081379	0.269190563840283	0.000875643155555556	3	4
"g__Intestinimonas"	"g__Intestinimonas"	NA	0.0118953152968327	0.126812255767244	8.83865244444444e-05	2	3
"g__Isobaculum"	"g__Isobaculum"	NA	6.49430773926653e-06	NA	NA	1	1
"g__Isoptericola"	"g__Isoptericola"	NA	5.13700521328973e-06	NA	NA	1	1
"g__Janibacter"	"g__Janibacter"	NA	0.000232403965703002	0.000231237664128621	NA	2	2
"g__Janthinobacterium"	"g__Janthinobacterium"	NA	2.59702484833376e-05	NA	NA	1	1
"g__Jeotgalibacillus"	"g__Jeotgalibacillus"	NA	0	NA	NA	1	1
"g__Johnsonella"	"g__Johnsonella"	0.000714440173914393	0.000388648986386684	0.00029380817889221	NA	3	3
"g__Kitasatospora"	"g__Kitasatospora"	NA	7.25538294999518e-06	NA	NA	1	1
"g__Klebsiella"	"g__Klebsiella"	0.00219755100274423	0.00116856146177455	0.0213700495703281	9.34404911111111e-05	3	4
"g__Kluyvera"	"g__Kluyvera"	0.000217593693513066	0.000192907834483998	NA	NA	2	2
"g__Knoellia"	"g__Knoellia"	NA	7.70107507007978e-06	NA	NA	1	1
"g__Kocuria"	"g__Kocuria"	NA	0.000345226485774506	0.000306998656673444	NA	2	2
"g__Kosakonia"	"g__Kosakonia"	0	NA	NA	NA	1	1
"g__Kurthia"	"g__Kurthia"	NA	0	NA	NA	1	1
"g__Lachnoanaerobaculum"	"g__Lachnoanaerobaculum"	0	0.000410781530436019	0.000240138141956045	2.57892222222222e-06	3	4
"g__Lachnoclostridium"	"g__Lachnoclostridium"	1.36428720116025	2.72574594451435	1.22629911253653	0.00128235933111111	3	4
"g__Lachnospira"	"g__Lachnospira"	0.76970621784319	0.756301227099765	1.63290628796394	NA	3	3
"g__Lachnospiraceae"	"g__Lachnospiraceae"	NA	2.87238332999974	1.90737827286019	0.0195760372533333	2	3
"g__Lacticigenium"	"g__Lacticigenium"	NA	9.11916607050118e-06	NA	NA	1	1
"g__Lactobacillus"	"g__Lactobacillus"	1.35777856852676	0.193002767744705	0.261704424105053	0.00139684270222222	3	4
"g__Lactococcus"	"g__Lactococcus"	0.189888997940521	0.226418031771955	0.190494692460588	0.00139042042666667	3	4
"g__Lactonifactor"	"g__Lactonifactor"	NA	0.0162696377687421	0.00457052006289661	NA	2	2
"g__Lautropia"	"g__Lautropia"	NA	NA	0.000313581150637036	1.20710222222222e-06	1	2
"g__Lawsonella"	"g__Lawsonella"	NA	NA	0.000102261695236584	NA	1	1
"g__Legionella"	"g__Legionella"	NA	0	NA	NA	1	1
"g__Leifsonia"	"g__Leifsonia"	NA	6.34603333254009e-05	NA	NA	1	1
"g__Leminorella"	"g__Leminorella"	NA	0	NA	NA	1	1
"g__Leptothrix"	"g__Leptothrix"	NA	0	NA	NA	1	1
"g__Leptotrichia"	"g__Leptotrichia"	0	0.00031382636470208	0.000248103656651989	NA	3	3
"g__Leucobacter"	"g__Leucobacter"	NA	0.000190143807093525	0.000126691228928675	NA	2	2
"g__Leuconostoc"	"g__Leuconostoc"	0.0172193506745936	0.0169110287469719	0.015792493366048	0.000184326102222222	3	4
"g__Levyella"	"g__Levyella"	NA	NA	NA	2.99123777777778e-06	0	1
"g__Libanicoccus"	"g__Libanicoccus"	NA	NA	8.11357216038667e-06	0.000109697124444444	1	2
"g__Listeria"	"g__Listeria"	NA	0	NA	NA	1	1
"g__Lupinus"	"g__Lupinus"	NA	0	NA	NA	1	1
"g__Luteibacter"	"g__Luteibacter"	NA	0	NA	NA	1	1
"g__Lutispora"	"g__Lutispora"	NA	5.31119626729127e-05	NA	NA	1	1
"g__Lysinibacillus"	"g__Lysinibacillus"	NA	0.000676202335375732	0.00433909786953168	NA	2	2
"g__Lysobacter"	"g__Lysobacter"	NA	2.45750361867409e-05	NA	NA	1	1
"g__Macrococcus"	"g__Macrococcus"	NA	0	NA	1.88032222222222e-06	1	2
"g__Mailhella"	"g__Mailhella"	NA	NA	0.0189205803085522	6.11661088888889e-05	1	2
"g__Mannheimia"	"g__Mannheimia"	NA	7.9769001155406e-05	0.00257574461265618	NA	2	2
"g__Marinilactibacillus"	"g__Marinilactibacillus"	NA	0	NA	NA	1	1
"g__Marinobacter"	"g__Marinobacter"	NA	2.31032252102393e-05	NA	NA	1	1
"g__Marinococcus"	"g__Marinococcus"	NA	1.2928164653105e-05	NA	NA	1	1
"g__Marinomonas"	"g__Marinomonas"	NA	1.2928164653105e-05	NA	NA	1	1
"g__Marinovum"	"g__Marinovum"	NA	0.0018369184554031	NA	NA	1	1
"g__Marmoricola"	"g__Marmoricola"	NA	5.3306834988622e-05	NA	NA	1	1
"g__Marvinbryantia"	"g__Marvinbryantia"	0.0532448033870294	0.846936381406332	0.132831331089334	NA	3	3
"g__Massilia"	"g__Massilia"	NA	8.31115541573224e-05	NA	NA	1	1
"g__Massiliomicrobiota"	"g__Massiliomicrobiota"	NA	NA	NA	5.78661933333333e-05	0	1
"g__Megamonas"	"g__Megamonas"	NA	0.392396511338005	0.340559667836037	0.00338898428	2	3
"g__Megasphaera"	"g__Megasphaera"	NA	0.65890243806493	0.684681120716951	0.00173302886	2	3
"g__Melissococcus"	"g__Melissococcus"	NA	0.000981062634604132	NA	NA	1	1
"g__Merdibacter"	"g__Merdibacter"	NA	NA	0.00355581775969503	0.000151973166666667	1	2
"g__Mesorhizobium"	"g__Mesorhizobium"	NA	6.49430773926653e-06	NA	NA	1	1
"g__Metascardovia"	"g__Metascardovia"	NA	6.58524017194062e-05	NA	NA	1	1
"g__Methanobacterium"	"g__Methanobacterium"	0	9.17293458638464e-05	NA	NA	2	2
"g__Methanobrevibacter"	"g__Methanobrevibacter"	0.688941192507267	1.08157457706089	0.926757476988014	0.00777025154	3	4
"g__methanogenic"	"g__methanogenic"	NA	0.0149475581320672	NA	NA	1	1
"g__Methanomassiliicoccus"	"g__Methanomassiliicoccus"	NA	0	NA	NA	1	1
"g__Methanosphaera"	"g__Methanosphaera"	0.00506172579985106	0.058962710567608	0.0551139141209718	0.000209541153333333	3	4
"g__Methylobacillus"	"g__Methylobacillus"	0	9.11916607050118e-06	0.000371177458249966	NA	3	3
"g__Methylobacterium"	"g__Methylobacterium"	0.00293121023701104	0.00517597222074194	0.00448249710527305	NA	3	3
"g__Methylovorus"	"g__Methylovorus"	NA	0.000387099910224821	NA	NA	1	1
"g__Microbacter"	"g__Microbacter"	NA	0.000568644216085164	NA	NA	1	1
"g__Microbacterium"	"g__Microbacterium"	NA	4.41028516488888e-05	NA	2.60845111111111e-06	1	2
"g__Micrococcus"	"g__Micrococcus"	NA	0.000196187801773568	9.98198053813898e-05	NA	2	2
"g__Microvirga"	"g__Microvirga"	NA	NA	2.11152048214459e-05	NA	1	1
"g__Mitsuokella"	"g__Mitsuokella"	NA	0.172132097993046	0.133704517026139	0.00121100970222222	2	3
"g__Mobilitalea"	"g__Mobilitalea"	0.00180719123095209	3.87187668211794e-05	NA	NA	2	2
"g__Mobiluncus"	"g__Mobiluncus"	NA	8.96995938178142e-06	NA	NA	1	1
"g__Modestobacter"	"g__Modestobacter"	NA	5.02872234981187e-05	NA	NA	1	1
"g__Mogibacterium"	"g__Mogibacterium"	0.0743547163157235	0.0795788081548807	0.069755127897767	0.000222236851111111	3	4
"g__Moraxella"	"g__Moraxella"	NA	0.000518190687440493	NA	NA	1	1
"g__Morganella"	"g__Morganella"	NA	4.2759426525314e-05	NA	NA	1	1
"g__Moryella"	"g__Moryella"	0.0811595361769003	0.00982619353348773	0.000137248831339398	NA	3	3
"g__Mucilaginibacter"	"g__Mucilaginibacter"	NA	NA	1.58364036160844e-05	NA	1	1
"g__Mucispirillum"	"g__Mucispirillum"	NA	8.22627860019998e-06	NA	NA	1	1
"g__Murdochiella"	"g__Murdochiella"	NA	0.000340891236857881	0.000268637336508416	NA	2	2
"g__Musa"	"g__Musa"	NA	1.94441406297471e-05	NA	NA	1	1
"g__Mycetocola"	"g__Mycetocola"	NA	1.29886154785331e-05	NA	NA	1	1
"g__Mycobacterium"	"g__Mycobacterium"	NA	6.49430773926653e-06	NA	NA	1	1
"g__Mycoplasma"	"g__Mycoplasma"	NA	NA	NA	0.00290363483333333	0	1
"g__NA"	"g__NA"	42.268419799091	NA	10.6036899966649	NA	2	2
"g__Natranaerovirga"	"g__Natranaerovirga"	NA	0	NA	NA	1	1
"g__Negativibacillus"	"g__Negativibacillus"	NA	NA	0.107952453468653	NA	1	1
"g__Negativicoccus"	"g__Negativicoccus"	NA	1.11521510268901e-05	NA	NA	1	1
"g__Neglecta"	"g__Neglecta"	NA	NA	NA	1.79918444444444e-05	0	1
"g__Neisseria"	"g__Neisseria"	0	0.000198474930532233	7.37463126843658e-05	NA	3	3
"g__Nesterenkonia"	"g__Nesterenkonia"	NA	8.08238307290317e-05	0.000100297222901868	NA	2	2
"g__Niabella"	"g__Niabella"	NA	2.31032252102393e-05	NA	NA	1	1
"g__Niameybacter"	"g__Niameybacter"	NA	NA	NA	0.000112902708888889	0	1
"g__Nitrobacter"	"g__Nitrobacter"	NA	1.77039875576375e-05	NA	NA	1	1
"g__Nocardioides"	"g__Nocardioides"	NA	0.00016321751167031	6.33456144643375e-05	NA	2	2
"g__Noviherbaspirillum"	"g__Noviherbaspirillum"	NA	2.35709521014682e-05	NA	NA	1	1
"g__Novosphingobium"	"g__Novosphingobium"	NA	0.000455533152249374	0.000394500959940413	NA	2	2
"g__Oceanobacillus"	"g__Oceanobacillus"	NA	0	NA	NA	1	1
"g__Ochrobactrum"	"g__Ochrobactrum"	NA	3.16932712136745e-05	NA	NA	1	1
"g__Odoribacter"	"g__Odoribacter"	NA	0.0887892455375134	0.0877037887781631	0.00211531976222222	2	3
"g__Oenothera"	"g__Oenothera"	NA	1.49630487511091e-05	NA	NA	1	1
"g__Olsenella"	"g__Olsenella"	NA	0.00173248821327685	0.0013725367437289	0.000164363293333333	2	3
"g__Oribacterium"	"g__Oribacterium"	0.00339228114296807	0.00211154540558605	0.000814975197278935	1.530032e-05	3	4
"g__Ornithinibacillus"	"g__Ornithinibacillus"	NA	0	NA	NA	1	1
"g__Oscillibacter"	"g__Oscillibacter"	NA	0.0166689440836842	0.144886344796271	0.00891890563777778	2	3
"g__Oscillospira"	"g__Oscillospira"	0.203797749323028	0.0131346211107294	0.0192533683253424	NA	3	3
"g__Ottowia"	"g__Ottowia"	NA	1.90514482522669e-05	0.00266318916711181	NA	2	2
"g__Oxalobacter"	"g__Oxalobacter"	NA	0.00518121638704949	0.00511647285397464	NA	2	2
"g__Paenalcaligenes"	"g__Paenalcaligenes"	NA	5.13700521328973e-06	NA	NA	1	1
"g__Paenibacillus"	"g__Paenibacillus"	NA	0	NA	NA	1	1
"g__Paeniclostridium"	"g__Paeniclostridium"	0	NA	0.000335752801417017	NA	2	2
"g__Paenirhodobacter"	"g__Paenirhodobacter"	NA	8.13557569908415e-05	NA	NA	1	1
"g__Paenisporosarcina"	"g__Paenisporosarcina"	NA	0	NA	NA	1	1
"g__Panax"	"g__Panax"	NA	0	NA	NA	1	1
"g__Pantanalinema_CENA516"	"g__Pantanalinema_CENA516"	NA	NA	9.38557343507295e-05	NA	1	1
"g__Pantoea"	"g__Pantoea"	NA	0.00122197690771959	0.000386102139914331	NA	2	2
"g__Papillibacter"	"g__Papillibacter"	0.00798117235004139	0.00239574031999576	0.00157015355085605	NA	3	3
"g__Parabacteroides"	"g__Parabacteroides"	0.582820954244685	0.446569582131179	0.412954291092414	0.00348449115111111	3	4
"g__Paraclostridium"	"g__Paraclostridium"	0	NA	NA	NA	1	1
"g__Paracocccus"	"g__Paracocccus"	NA	0.0256637902493672	NA	NA	1	1
"g__Paracoccus"	"g__Paracoccus"	1.77022792115963	NA	1.95731931219636	NA	2	2
"g__Paraeggerthella"	"g__Paraeggerthella"	NA	0	NA	NA	1	1
"g__Paraherbaspirillum"	"g__Paraherbaspirillum"	NA	NA	4.02985315215113e-05	NA	1	1
"g__Paraprevotella"	"g__Paraprevotella"	0.28127125199308	0.291537146886472	0.271804106915481	0.00204852918888889	3	4
"g__Parascardovia"	"g__Parascardovia"	NA	0	NA	5.61141777777778e-06	1	2
"g__Parasporobacterium"	"g__Parasporobacterium"	NA	5.11904643265088e-05	NA	NA	1	1
"g__Parasutterella"	"g__Parasutterella"	NA	0.00210723541747725	0.204645535318038	0.00100614533333333	2	3
"g__Parvibacter"	"g__Parvibacter"	NA	8.1885093105398e-06	NA	NA	1	1
"g__Parvimonas"	"g__Parvimonas"	NA	0.124119853500975	0.101732665819928	5.59334488888889e-05	2	3
"g__Pasteurella"	"g__Pasteurella"	NA	0.000143652161187589	NA	NA	1	1
"g__Patulibacter"	"g__Patulibacter"	NA	6.49430773926653e-06	NA	NA	1	1
"g__Paucibacter"	"g__Paucibacter"	NA	0	NA	NA	1	1
"g__Paucimonas"	"g__Paucimonas"	NA	0	NA	NA	1	1
"g__Pectinatus"	"g__Pectinatus"	NA	0	NA	NA	1	1
"g__Pectobacterium"	"g__Pectobacterium"	NA	0.000905426346405566	NA	NA	1	1
"g__Pediococcus"	"g__Pediococcus"	0.00113330663339739	0.00203769505580272	0.00149685610080102	2.27760222222222e-05	3	4
"g__Pedobacter"	"g__Pedobacter"	0	0	NA	NA	2	2
"g__Pelomonas"	"g__Pelomonas"	NA	0	NA	NA	1	1
"g__Pelospora"	"g__Pelospora"	NA	NA	8.25434173999773e-05	NA	1	1
"g__Peptoclostridium"	"g__Peptoclostridium"	0.000576637821684507	0.119253695714337	NA	NA	2	2
"g__Peptococcus"	"g__Peptococcus"	0.00469661983746666	0.0475230486946047	0.0340917042708256	NA	3	3
"g__Peptoniphilus"	"g__Peptoniphilus"	NA	0.0114549155886499	0.00952914148334677	1.11457133333333e-05	2	3
"g__Peptostreptococcaceae"	"g__Peptostreptococcaceae"	NA	NA	NA	8.54393333333333e-07	0	1
"g__Peptostreptococcus"	"g__Peptostreptococcus"	0.00342996485935266	0.0517551682595766	0.0433360804721397	2.23782666666667e-05	3	4
"g__Phascolarctobacterium"	"g__Phascolarctobacterium"	NA	1.04524325756375	1.30359674074794	0.00647026690444444	2	3
"g__Phenylobacterium"	"g__Phenylobacterium"	NA	6.66007154044613e-05	NA	NA	1	1
"g__Phocaeicola"	"g__Phocaeicola"	NA	0.000125741635165568	8.11357216038667e-05	NA	2	2
"g__Phocea"	"g__Phocea"	NA	NA	0.000982362942192351	NA	1	1
"g__Photorhabdus"	"g__Photorhabdus"	NA	0	NA	NA	1	1
"g__Phreatobacter"	"g__Phreatobacter"	NA	0	NA	NA	1	1
"g__Phyllobacterium"	"g__Phyllobacterium"	NA	6.71706305547871e-05	4.00154459621413e-05	NA	2	2
"g__Phytophthora"	"g__Phytophthora"	NA	1.83863512966147e-05	NA	NA	1	1
"g__Planococcus"	"g__Planococcus"	0	2.50314973231961e-05	NA	NA	2	2
"g__Planomicrobium"	"g__Planomicrobium"	NA	0.00814742080690008	NA	NA	1	1
"g__Pleomorphomonas"	"g__Pleomorphomonas"	NA	0	NA	NA	1	1
"g__Plesiomonas"	"g__Plesiomonas"	NA	0.000219300450785197	NA	NA	1	1
"g__PMMR1"	"g__PMMR1"	NA	NA	4.75092108482531e-05	NA	1	1
"g__Polaromonas"	"g__Polaromonas"	NA	6.06283277373387e-06	NA	NA	1	1
"g__Porphyromonadaceae"	"g__Porphyromonadaceae"	NA	NA	NA	0.000559689046666667	0	1
"g__Porphyromonadaceae-bacterium"	"g__Porphyromonadaceae-bacterium"	NA	0	NA	NA	1	1
"g__Porphyromonas"	"g__Porphyromonas"	0.0013088378936801	0.00213232582650558	0.00172599176620401	1.80462244444444e-05	3	4
"g__possible"	"g__possible"	NA	7.34781938332972e-05	NA	NA	1	1
"g__Pragia"	"g__Pragia"	NA	7.19417214502876e-06	NA	NA	1	1
"g__Prevotella"	"g__Prevotella"	0.1147035297421	4.14833728931248	5.28297554372484	0.04701388562	3	4
"g__Prevotellaceae"	"g__Prevotellaceae"	NA	0.108834195085676	0.102617511818354	NA	2	2
"g__Prochlorococcus"	"g__Prochlorococcus"	NA	0	NA	NA	1	1
"g__Propionibacterium"	"g__Propionibacterium"	NA	0.000313572295163373	NA	0.000185877253333333	1	2
"g__Proteiniclasticum"	"g__Proteiniclasticum"	NA	0	NA	NA	1	1
"g__Proteus"	"g__Proteus"	NA	9.43228574156214e-05	NA	NA	1	1
"g__Providencia"	"g__Providencia"	NA	0	NA	NA	1	1
"g__Prunus"	"g__Prunus"	NA	3.08220312797384e-05	NA	NA	1	1
"g__Pseudacidovorax"	"g__Pseudacidovorax"	NA	0	NA	NA	1	1
"g__Pseudobutyrivibrio"	"g__Pseudobutyrivibrio"	0.0122814296879058	1.76010123795785	NA	NA	2	2
"g__Pseudochrobactrum"	"g__Pseudochrobactrum"	NA	0	NA	NA	1	1
"g__Pseudoclavibacter"	"g__Pseudoclavibacter"	NA	6.49430773926653e-06	NA	NA	1	1
"g__Pseudoflavonifractor"	"g__Pseudoflavonifractor"	NA	NA	0.00175390111820606	0.000211326191111111	1	2
"g__Pseudomonas"	"g__Pseudomonas"	0.000931198279206358	0.245604546563458	0.0021039771658076	1.29923533333333e-05	3	4
"g__Pseudoramibacter"	"g__Pseudoramibacter"	NA	4.91946602468239e-05	1.3117136686467e-05	NA	2	2
"g__Pseudoscardovia"	"g__Pseudoscardovia"	NA	9.38644559709996e-06	NA	NA	1	1
"g__Pseudoxanthomonas"	"g__Pseudoxanthomonas"	0	0	NA	NA	2	2
"g__Psychrobacillus"	"g__Psychrobacillus"	NA	9.73905425557893e-05	NA	NA	1	1
"g__Psychrobacter"	"g__Psychrobacter"	0	4.48497969089071e-06	NA	NA	2	2
"g__Pygmaiobacter"	"g__Pygmaiobacter"	NA	NA	0.00150823572744428	NA	1	1
"g__Pyramidobacter"	"g__Pyramidobacter"	0	0.000457165090558958	0.000420989465219921	6.13091555555556e-06	3	4
"g__Rahnella"	"g__Rahnella"	NA	0.000518197835195336	NA	NA	1	1
"g__Ralstonia"	"g__Ralstonia"	NA	9.99605155963393e-06	NA	NA	1	1
"g__Raoultella"	"g__Raoultella"	NA	0.00337172739899411	0.000211152048214459	4.51248e-06	2	3
"g__Raoultibacter"	"g__Raoultibacter"	NA	NA	0.0016274530307833	NA	1	1
"g__Rarobacter"	"g__Rarobacter"	NA	0	NA	NA	1	1
"g__RB41"	"g__RB41"	NA	NA	2.11152048214459e-05	NA	1	1
"g__Rheinheimera"	"g__Rheinheimera"	NA	0	NA	NA	1	1
"g__Rhizobium"	"g__Rhizobium"	NA	0	NA	NA	1	1
"g__Rhodobacter"	"g__Rhodobacter"	NA	0.0019225066654327	NA	NA	1	1
"g__Rhodococcus"	"g__Rhodococcus"	NA	2.80020734041503e-05	NA	NA	1	1
"g__Rhodopseudomonas"	"g__Rhodopseudomonas"	0.0011051944137446	0.0012503943472304	0.00126118367065848	NA	3	3
"g__Rhodovulum"	"g__Rhodovulum"	NA	0.000288559398275849	NA	NA	1	1
"g__Rikenella"	"g__Rikenella"	0.000296343711290102	NA	0.000849787151639214	NA	2	2
"g__Rikenellaceae"	"g__Rikenellaceae"	NA	0.0814101864024744	0.0486563647714499	NA	2	2
"g__Robinsoniella"	"g__Robinsoniella"	0.00217338973284358	0.00192015708230905	1.79969081311831e-05	NA	3	3
"g__Romboutsia"	"g__Romboutsia"	NA	0.575833683814042	0.535479469374754	NA	2	2
"g__Roseburia"	"g__Roseburia"	2.35171288476353	1.69241034787718	0.810341921932508	0.0233232175933333	3	4
"g__Rosenbergiella"	"g__Rosenbergiella"	0	NA	0.000232267253035904	NA	2	2
"g__Roseobacter"	"g__Roseobacter"	NA	0.000476834040737552	NA	NA	1	1
"g__Roseococcus"	"g__Roseococcus"	NA	1.29886154785331e-05	NA	NA	1	1
"g__Roseomonas"	"g__Roseomonas"	NA	1.83863512966147e-05	2.087554106793e-05	NA	2	2
"g__Roseovarius"	"g__Roseovarius"	NA	5.86469847385884e-06	NA	NA	1	1
"g__Rothia"	"g__Rothia"	0.00505921587436788	0.00794191822804634	0.00761019871275888	7.30875288888889e-05	3	4
"g__Rubellimicrobium"	"g__Rubellimicrobium"	NA	0.000196020822267209	4.75092108482531e-05	NA	2	2
"g__Rubrivirga"	"g__Rubrivirga"	NA	NA	1.58364036160844e-05	NA	1	1
"g__Rubrivivax"	"g__Rubrivivax"	NA	0	NA	NA	1	1
"g__Rubrobacter"	"g__Rubrobacter"	NA	4.54601541748658e-05	3.69516084375302e-05	NA	2	2
"g__Ruminiclostridium"	"g__Ruminiclostridium"	0.084568081687877	1.44187294522224	0.794127061733763	0.00544477411777778	3	4
"g__Ruminococcaceae"	"g__Ruminococcaceae"	NA	5.53636242186508	5.944506593488	0.0002004669	2	3
"g__Ruminococcus"	"g__Ruminococcus"	5.2491941984837	7.03486814204711	7.54959309632862	0.0777760626133333	3	4
"g__Salinihabitans"	"g__Salinihabitans"	NA	0	NA	NA	1	1
"g__Salmonella"	"g__Salmonella"	0.000490117327723504	4.9243470102237e-05	NA	NA	2	2
"g__Sanguibacteroides"	"g__Sanguibacteroides"	NA	NA	0.00262730764548848	NA	1	1
"g__Sarcina"	"g__Sarcina"	NA	0.0783762459163716	NA	NA	1	1
"g__Scardovia"	"g__Scardovia"	NA	0.00115111089848443	0.00107099514824926	1.00187288888889e-05	2	3
"g__Schwartzia"	"g__Schwartzia"	NA	7.19417214502876e-06	NA	NA	1	1
"g__Scytonema_UTEX_2349"	"g__Scytonema_UTEX_2349"	NA	NA	0.000976596480707365	NA	1	1
"g__Segetibacter"	"g__Segetibacter"	NA	6.49430773926653e-06	NA	NA	1	1
"g__Selenomonas"	"g__Selenomonas"	NA	0.00241921193942335	0.0137684885758082	5.97095355555556e-05	2	3
"g__Sellimonas"	"g__Sellimonas"	0.0203958458484201	NA	0.144161238838672	NA	2	2
"g__Senegalimassilia"	"g__Senegalimassilia"	NA	0.000682054831479681	0.000421198049599875	0.000402869204444444	2	3
"g__Serratia"	"g__Serratia"	NA	0.0695627030994562	NA	1.19934222222222e-06	1	2
"g__Shewanella"	"g__Shewanella"	NA	0	NA	NA	1	1
"g__Shigella"	"g__Shigella"	0.00115737639932363	NA	NA	NA	1	1
"g__Shimwellia"	"g__Shimwellia"	0.000257524545308224	1.49630487511091e-05	NA	NA	2	2
"g__Shuttleworthia"	"g__Shuttleworthia"	NA	0.00246588125876832	0.00871217808730866	NA	2	2
"g__Simplicispira"	"g__Simplicispira"	NA	0	NA	NA	1	1
"g__Slackia"	"g__Slackia"	NA	9.64238726113887e-05	NA	3.59849e-05	1	2
"g__Smithella"	"g__Smithella"	NA	0.000513715025638556	NA	NA	1	1
"g__Sodalis"	"g__Sodalis"	NA	6.49430773926653e-06	NA	NA	1	1
"g__Solibacillus"	"g__Solibacillus"	NA	0	NA	1.77226222222222e-06	1	2
"g__Solirubrobacter"	"g__Solirubrobacter"	NA	1.29886154785331e-05	NA	NA	1	1
"g__Solobacterium"	"g__Solobacterium"	0.0189779872657567	0.0254108862234673	0.0218159449273741	6.47434177777778e-05	3	4
"g__Sphingoaurantiacus"	"g__Sphingoaurantiacus"	NA	NA	0.000137248831339398	NA	1	1
"g__Sphingobacterium"	"g__Sphingobacterium"	NA	0	NA	NA	1	1
"g__Sphingobium"	"g__Sphingobium"	NA	0.000131652699772013	NA	NA	1	1
"g__Sphingomonadaceae-bacterium"	"g__Sphingomonadaceae-bacterium"	NA	0.0034546118058058	NA	NA	1	1
"g__Sphingomonas"	"g__Sphingomonas"	4.68587753028879	4.05148606073434	4.96836346898218	NA	3	3
"g__Sphingopyxis"	"g__Sphingopyxis"	NA	0.000159710540118081	NA	NA	1	1
"g__Sphingosinicella"	"g__Sphingosinicella"	NA	7.44036244454069e-05	NA	NA	1	1
"g__Spirosoma"	"g__Spirosoma"	NA	3.89658464355991e-05	6.86244156696991e-05	NA	2	2
"g__Sporacetigenium"	"g__Sporacetigenium"	NA	0	NA	NA	1	1
"g__Sporobacter"	"g__Sporobacter"	0.00127095834514137	3.3422218672476e-05	0.00206219567098803	NA	3	3
"g__Sporosarcina"	"g__Sporosarcina"	0	4.48497969089071e-06	NA	2.2543e-06	2	3
"g__Stakelama"	"g__Stakelama"	NA	0	NA	NA	1	1
"g__Staphylococcus"	"g__Staphylococcus"	0.00240110118377692	0.0134373114113245	0.0114519832701301	0.00148320848888889	3	4
"g__Stenotrophomonas"	"g__Stenotrophomonas"	NA	2.585632930621e-05	0.00015236876547606	NA	2	2
"g__Stomatobaculum"	"g__Stomatobaculum"	NA	0.000184136657823943	6.85958767018516e-05	2.76799333333333e-06	2	3
"g__Streptococcus"	"g__Streptococcus"	3.23584787217654	4.43849842218135	4.03649464741001	0.0251998006777778	3	4
"g__Streptomyces"	"g__Streptomyces"	NA	1.16250547830707e-05	NA	NA	1	1
"g__Subdoligranulum"	"g__Subdoligranulum"	2.39670218323114	2.09114313859899	2.30418350901667	0.00129118219111111	3	4
"g__Succinatimonas"	"g__Succinatimonas"	0	0.0057371497655315	0.00596713248241333	7.23450644444444e-05	3	4
"g__Succiniclasticum"	"g__Succiniclasticum"	NA	0.000340562584561097	1.7489515581956e-05	NA	2	2
"g__Succinivibrio"	"g__Succinivibrio"	0.240558151625979	0.00428354325465184	0.25251602582161	0.00454116831555556	3	4
"g__Sulfitobacter"	"g__Sulfitobacter"	6.76817265618374	NA	NA	NA	1	1
"g__Sulfurifustis"	"g__Sulfurifustis"	0.00055796984816782	NA	NA	NA	1	1
"g__Sutterella"	"g__Sutterella"	NA	0.199807770063578	0.148395316141062	0.00197740353111111	2	3
"g__Synergistes"	"g__Synergistes"	0.00118228464685158	0.00111310749065912	0.00107171890642848	2.53512888888889e-06	3	4
"g__Syntrophococcus"	"g__Syntrophococcus"	0.000257524545308224	5.686397451781e-05	0.0217246866536369	NA	3	3
"g__Tatumella"	"g__Tatumella"	NA	0	NA	NA	1	1
"g__Tepidimonas"	"g__Tepidimonas"	NA	0	NA	NA	1	1
"g__Terrisporobacter"	"g__Terrisporobacter"	NA	0.0423267361753161	0.0577811483789753	2.02051333333333e-06	2	3
"g__Tetragenococcus"	"g__Tetragenococcus"	NA	1.49039403782769e-05	NA	NA	1	1
"g__Tetrasphaera"	"g__Tetrasphaera"	NA	0	NA	NA	1	1
"g__Thalassospira"	"g__Thalassospira"	NA	0.0635020295958625	NA	NA	1	1
"g__Thauera"	"g__Thauera"	NA	0	NA	NA	1	1
"g__Thermicanus"	"g__Thermicanus"	NA	9.11916607050118e-06	NA	NA	1	1
"g__Thioprofundum"	"g__Thioprofundum"	0.00097753516624742	NA	NA	NA	1	1
"g__Tissierellia"	"g__Tissierellia"	NA	NA	NA	2.15889555555556e-06	0	1
"g__Trabulsiella"	"g__Trabulsiella"	NA	3.89426135321003e-05	NA	NA	1	1
"g__Treponema"	"g__Treponema"	0.00204129869571757	0.00222614475223474	0.00217098693065868	NA	3	3
"g__Trichococcus"	"g__Trichococcus"	0.000429963749816811	0.000403241255692127	NA	NA	2	2
"g__Tropheryma"	"g__Tropheryma"	NA	0	NA	3.40461555555556e-06	1	2
"g__Tropicimonas"	"g__Tropicimonas"	NA	5.86469847385884e-06	NA	NA	1	1
"g__Truepera"	"g__Truepera"	NA	0.00031822107922406	0.00028505526508952	NA	2	2
"g__Turicibacter"	"g__Turicibacter"	0.048826198237701	0.00140629326720482	0.0557965528143406	9.79521022222222e-05	3	4
"g__Tyzzerella"	"g__Tyzzerella"	0.0646344506138686	0.0706520854698481	0.11830736800496	0.00160702076666667	3	4
"g__UBA1819"	"g__UBA1819"	NA	NA	0.0989654787519529	NA	1	1
"g__UC5-1-2E3"	"g__UC5-1-2E3"	NA	NA	0.00381353839635131	NA	1	1
"g__Undibacterium"	"g__Undibacterium"	NA	0	NA	NA	1	1
"g__unidentified"	"g__unidentified"	NA	4.99308457785967e-06	NA	NA	1	1
"g__Ureibacillus"	"g__Ureibacillus"	NA	0	NA	NA	1	1
"g__Vagococcus"	"g__Vagococcus"	NA	0.000303220933224715	NA	NA	1	1
"g__Varibaculum"	"g__Varibaculum"	0.000686642330026224	0.000932862992362273	0.000517010547775199	2.05768e-06	3	4
"g__Variovorax"	"g__Variovorax"	0	4.13044428316209e-05	0.000197261169561474	NA	3	3
"g__Veillonella"	"g__Veillonella"	NA	0.0985213574155434	0.100867341787257	0.000520439575555556	2	3
"g__Vibrio"	"g__Vibrio"	0	0.000240957736595666	6.81356717495878e-05	NA	3	3
"g__Victivallis"	"g__Victivallis"	0.00677648270309351	0.0232978009107098	0.0100895987348758	NA	3	3
"g__Virgibacillus"	"g__Virgibacillus"	NA	0	NA	NA	1	1
"g__Weissella"	"g__Weissella"	0.00233011836452677	0.0018062828341726	0.00201203614207996	2.07393555555556e-06	3	4
"g__Xanthobacter"	"g__Xanthobacter"	NA	0	NA	NA	1	1
"g__Xanthomonas"	"g__Xanthomonas"	NA	0	NA	NA	1	1
"g__Xenorhabdus"	"g__Xenorhabdus"	NA	0	NA	NA	1	1
"g__Yersinia"	"g__Yersinia"	NA	0.000110478968612675	NA	NA	1	1
"g__Zea"	"g__Zea"	NA	5.686397451781e-05	NA	NA	1	1
